{"cameraMode":{"drawMode":0,"name":"Shaded","section":"Shading Mode"},"sceneLighting":true,"audioPlay":false,"sceneViewState":{"m_AlwaysRefresh":true,"showFog":true,"showSkybox":true,"showFlares":true,"showImageEffects":true,"showParticleSystems":true,"showVisualEffectGraphs":true,"m_FxEnabled":true},"in2DMode":false,"pivot":{"x":-10.234029769897461,"y":-7.5013580322265629,"z":17.691469192504884},"rotation":{"x":-0.18396709859371186,"y":0.29055318236351015,"z":-0.05702608451247215,"w":-0.9372953176498413},"size":12.12435531616211,"orthographic":false}